Workbook

Sheet Orders
A1: Order ID | B1: Order Date | C1: Customer Name | D1: City | E1: State | F1: Channel | G1: Customer Tier | H1: Product Name | I1: Category | J1: Quantity | K1: Unit Price (₹) | L1: Total Revenue (₹) | M1: Status | N1: Is Returned | O1: Rating
A2: ORD-10002 | B2: 45619 | C2: Sneha Sharma | D2: Hyderabad | E2: Telangana | F2: App | G2: Silver | H2: Yoga Mat | I2: Sports | J2: 1 | K2: 1200 | L2: =J2*K2 -> 1200 | M2: Delivered | N2: No | O2: 3
A3: ORD-10003 | B3: 45307 | C3: Amit Singh | D3: Chennai | E3: Tamil Nadu | F3: WhatsApp | G3: Bronze | H3: Wireless Headphones | I3: Electronics | J3: 5 | K3: 3500 | L3: =J3*K3 -> 17500 | M3: Cancelled | N3: No
A4: ORD-10004 | B4: 45571 | C4: Pooja Singh | D4: Ahmedabad | E4: Gujarat | F4: WhatsApp | G4: Silver | H4: Air Purifier | I4: Appliances | J4: 1 | K4: 8700 | L4: =J4*K4 -> 8700 | M4: Returned | N4: Yes
A5: ORD-10005 | B5: 45373 | C5: Pooja Nair | D5: Hyderabad | E5: Telangana | F5: App | G5: Silver | H5: Air Purifier | I5: Appliances | J5: 3 | K5: 4500 | L5: =J5*K5 -> 13500 | M5: Delivered | N5: No | O5: 4
A6: ORD-10006 | B6: 45468 | C6: Deepa Reddy | D6: Mumbai | E6: Maharashtra | F6: Website | G6: Bronze | H6: Running Shoes | I6: Footwear | J6: 4 | K6: 1600 | L6: =J6*K6 -> 6400 | M6: Processing | N6: No
A7: ORD-10007 | B7: 45613 | C7: Deepa Nair | D7: Chennai | E7: Tamil Nadu | F7: App | G7: Gold | H7: Protein Powder | I7: Health | J7: 2 | K7: 1700 | L7: =J7*K7 -> 3400 | M7: Delivered | N7: No | O7: 3
A8: ORD-10008 | B8: 45486 | C8: Arjun Gupta | D8: Pune | E8: Maharashtra | F8: App | G8: Silver | H8: Smartwatch | I8: Electronics | J8: 2 | K8: 8300 | L8: =J8*K8 -> 16600 | M8: Cancelled | N8: No
A9: ORD-10009 | B9: 45623 | C9: Amit Iyer | D9: Bangalore | E9: Karnataka | F9: WhatsApp | G9: Bronze | H9: Coffee Maker | I9: Appliances | J9: 2 | K9: 4800 | L9: =J9*K9 -> 9600 | M9: Shipped | N9: No
A10: ORD-10010 | B10: 45619 | C10: Kavya Singh | D10: Pune | E10: Maharashtra | F10: App | G10: Silver | H10: Sneakers | I10: Footwear | J10: 1 | K10: 4400 | L10: =J10*K10 -> 4400 | M10: Delivered | N10: No | O10: 3
A11: ORD-10011 | B11: 45400 | C11: Sanjay Nair | D11: Chennai | E11: Tamil Nadu | F11: Website | G11: Bronze | H11: Face Cream | I11: Beauty | J11: 4 | K11: 800 | L11: =J11*K11 -> 3200 | M11: Delivered | N11: No | O11: 5
A12: ORD-10012 | B12: 45579 | C12: Kavya Reddy | D12: Kolkata | E12: West Bengal | F12: WhatsApp | G12: Bronze | H12: Smartwatch | I12: Electronics | J12: 2 | K12: 6600 | L12: =J12*K12 -> 13200 | M12: Processing | N12: No
A13: ORD-10013 | B13: 45316 | C13: Sneha Kumar | D13: Bangalore | E13: Karnataka | F13: Website | G13: Bronze | H13: Running Shoes | I13: Footwear | J13: 4 | K13: 2600 | L13: =J13*K13 -> 10400 | M13: Processing | N13: No
A14: ORD-10014 | B14: 45562 | C14: Arjun Mehta | D14: Mumbai | E14: Maharashtra | F14: App | G14: Bronze | H14: Face Cream | I14: Beauty | J14: 5 | K14: 1200 | L14: =J14*K14 -> 6000 | M14: Returned | N14: Yes
A15: ORD-10015 | B15: 45620 | C15: Suresh Patel | D15: Hyderabad | E15: Telangana | F15: Website | G15: Silver | H15: Bluetooth Speaker | I15: Electronics | J15: 1 | K15: 3700 | L15: =J15*K15 -> 3700 | M15: Cancelled | N15: No
A16: ORD-10016 | B16: 45548 | C16: Anjali Mehta | D16: Delhi | E16: Delhi | F16: Website | G16: Bronze | H16: Desk Lamp | I16: Home Decor | J16: 5 | K16: 800 | L16: =J16*K16 -> 4000 | M16: Delivered | N16: No | O16: 3
A17: ORD-10017 | B17: 45568 | C17: Nikhil Sharma | D17: Pune | E17: Maharashtra | F17: Website | G17: Gold | H17: Running Shoes | I17: Footwear | J17: 3 | K17: 2300 | L17: =J17*K17 -> 6900 | M17: Delivered | N17: No | O17: 5
A18: ORD-10018 | B18: 45332 | C18: Amit Gupta | D18: Delhi | E18: Delhi | F18: WhatsApp | G18: Silver | H18: Yoga Mat | I18: Sports | J18: 4 | K18: 1200 | L18: =J18*K18 -> 4800 | M18: Delivered | N18: No | O18: 5
A19: ORD-10019 | B19: 45508 | C19: Kiran Mehta | D19: Chennai | E19: Tamil Nadu | F19: Website | G19: Bronze | H19: Protein Powder | I19: Health | J19: 3 | K19: 2200 | L19: =J19*K19 -> 6600 | M19: Processing | N19: No
A20: ORD-10020 | B20: 45418 | C20: Neha Patel | D20: Pune | E20: Maharashtra | F20: App | G20: Bronze | H20: Desk Lamp | I20: Home Decor | J20: 2 | K20: 1400 | L20: =J20*K20 -> 2800 | M20: Delivered | N20: Yes | O20: 5
A21: ORD-10021 | B21: 45615 | C21: Priya Singh | D21: Delhi | E21: Delhi | F21: App | G21: Silver | H21: Running Shoes | I21: Footwear | J21: 5 | K21: 2100 | L21: =J21*K21 -> 10500 | M21: Delivered | N21: No | O21: 3
A22: ORD-10022 | B22: 45568 | C22: Vikram Iyer | D22: Ahmedabad | E22: Gujarat | F22: App | G22: Bronze | H22: Air Purifier | I22: Appliances | J22: 4 | K22: 5100 | L22: =J22*K22 -> 20400 | M22: Delivered | N22: No | O22: 4
A23: ORD-10023 | B23: 45473 | C23: Pooja Joshi | D23: Ahmedabad | E23: Gujarat | F23: App | G23: Bronze | H23: Protein Powder | I23: Health | J23: 1 | K23: 900 | L23: =J23*K23 -> 900 | M23: Shipped | N23: No
A24: ORD-10024 | B24: 45347 | C24: Neha Singh | D24: Chennai | E24: Tamil Nadu | F24: WhatsApp | G24: Bronze | H24: Yoga Mat | I24: Sports | J24: 4 | K24: 600 | L24: =J24*K24 -> 2400 | M24: Delivered | N24: No | O24: 3
A25: ORD-10025 | B25: 45518 | C25: Kavya Patel | D25: Mumbai | E25: Maharashtra | F25: WhatsApp | G25: Gold | H25: Running Shoes | I25: Footwear | J25: 2 | K25: 1900 | L25: =J25*K25 -> 3800 | M25: Shipped | N25: No
A26: ORD-10026 | B26: 45401 | C26: Ravi Sharma | D26: Bangalore | E26: Karnataka | F26: Website | G26: Gold | H26: Water Bottle | I26: Sports | J26: 3 | K26: 800 | L26: =J26*K26 -> 2400 | M26: Returned | N26: Yes
A27: ORD-10027 | B27: 45524 | C27: Divya Joshi | D27: Ahmedabad | E27: Gujarat | F27: App | G27: Silver | H27: Backpack | I27: Accessories | J27: 2 | K27: 800 | L27: =J27*K27 -> 1600 | M27: Processing | N27: No
A28: ORD-10028 | B28: 45323 | C28: Suresh Sharma | D28: Mumbai | E28: Maharashtra | F28: WhatsApp | G28: Bronze | H28: Desk Lamp | I28: Home Decor | J28: 5 | K28: 700 | L28: =J28*K28 -> 3500 | M28: Delivered | N28: No | O28: 3
A29: ORD-10029 | B29: 45387 | C29: Amit Iyer | D29: Delhi | E29: Delhi | F29: App | G29: Bronze | H29: Running Shoes | I29: Footwear | J29: 5 | K29: 2100 | L29: =J29*K29 -> 10500 | M29: Processing | N29: No
A30: ORD-10030 | B30: 45609 | C30: Amit Joshi | D30: Pune | E30: Maharashtra | F30: Website | G30: Silver | H30: Protein Powder | I30: Health | J30: 3 | K30: 1500 | L30: =J30*K30 -> 4500 | M30: Delivered | N30: No | O30: 5
A31: ORD-10031 | B31: 45622 | C31: Divya Gupta | D31: Pune | E31: Maharashtra | F31: App | G31: Gold | H31: Bluetooth Speaker | I31: Electronics | J31: 5 | K31: 3200 | L31: =J31*K31 -> 16000 | M31: Delivered | N31: No | O31: 3
A32: ORD-10032 | B32: 45551 | C32: Arjun Kumar | D32: Pune | E32: Maharashtra | F32: App | G32: Silver | H32: Smartwatch | I32: Electronics | J32: 3 | K32: 6900 | L32: =J32*K32 -> 20700 | M32: Shipped | N32: No
A33: ORD-10033 | B33: 45652 | C33: Divya Iyer | D33: Mumbai | E33: Maharashtra | F33: WhatsApp | G33: Silver | H33: Face Cream | I33: Beauty | J33: 1 | K33: 800 | L33: =J33*K33 -> 800 | M33: Delivered | N33: No | O33: 3
A34: ORD-10034 | B34: 45575 | C34: Vikram Reddy | D34: Hyderabad | E34: Telangana | F34: WhatsApp | G34: Silver | H34: Notebook Set | I34: Stationery | J34: 3 | K34: 200 | L34: =J34*K34 -> 600 | M34: Cancelled | N34: No
A35: ORD-10035 | B35: 45427 | C35: Nikhil Gupta | D35: Hyderabad | E35: Telangana | F35: App | G35: Gold | H35: Protein Powder | I35: Health | J35: 4 | K35: 1600 | L35: =J35*K35 -> 6400 | M35: Delivered | N35: Yes | O35: 3
A36: ORD-10036 | B36: 45618 | C36: Arjun Kumar | D36: Ahmedabad | E36: Gujarat | F36: WhatsApp | G36: Bronze | H36: Water Bottle | I36: Sports | J36: 5 | K36: 200 | L36: =J36*K36 -> 1000 | M36: Delivered | N36: No | O36: 5
A37: ORD-10037 | B37: 45368 | C37: Kavya Sharma | D37: Pune | E37: Maharashtra | F37: WhatsApp | G37: Bronze | H37: Yoga Mat | I37: Sports | J37: 4 | K37: 600 | L37: =J37*K37 -> 2400 | M37: Delivered | N37: No | O37: 3
A38: ORD-10038 | B38: 45475 | C38: Kiran Singh | D38: Delhi | E38: Delhi | F38: Website | G38: Bronze | H38: Face Cream | I38: Beauty | J38: 4 | K38: 800 | L38: =J38*K38 -> 3200 | M38: Delivered | N38: No | O38: 3
A39: ORD-10039 | B39: 45503 | C39: Rahul Kumar | D39: Pune | E39: Maharashtra | F39: Website | G39: Bronze | H39: Sneakers | I39: Footwear | J39: 2 | K39: 2700 | L39: =J39*K39 -> 5400 | M39: Delivered | N39: No | O39: 3
A40: ORD-10040 | B40: 45487 | C40: Priya Gupta | D40: Chennai | E40: Tamil Nadu | F40: App | G40: Bronze | H40: Smartwatch | I40: Electronics | J40: 3 | K40: 7800 | L40: =J40*K40 -> 23400 | M40: Delivered | N40: Yes | O40: 3
A41: ORD-10041 | B41: 45496 | C41: Suresh Reddy | D41: Delhi | E41: Delhi | F41: Website | G41: Silver | H41: Protein Powder | I41: Health | J41: 5 | K41: 2000 | L41: =J41*K41 -> 10000 | M41: Cancelled | N41: No
A42: ORD-10042 | B42: 45566 | C42: Suresh Sharma | D42: Delhi | E42: Delhi | F42: Website | G42: Silver | H42: Sunglasses | I42: Accessories | J42: 3 | K42: 1000 | L42: =J42*K42 -> 3000 | M42: Delivered | N42: No | O42: 4
A43: ORD-10043 | B43: 45452 | C43: Pooja Iyer | D43: Delhi | E43: Delhi | F43: Website | G43: Bronze | H43: Coffee Maker | I43: Appliances | J43: 3 | K43: 2100 | L43: =J43*K43 -> 6300 | M43: Cancelled | N43: No
A44: ORD-10044 | B44: 45558 | C44: Kavya Singh | D44: Pune | E44: Maharashtra | F44: Website | G44: Gold | H44: Protein Powder | I44: Health | J44: 3 | K44: 1800 | L44: =J44*K44 -> 5400 | M44: Cancelled | N44: No
A45: ORD-10045 | B45: 45445 | C45: Nikhil Reddy | D45: Kolkata | E45: West Bengal | F45: Website | G45: Bronze | H45: Notebook Set | I45: Stationery | J45: 3 | K45: 500 | L45: =J45*K45 -> 1500 | M45: Delivered | N45: No | O45: 5
A46: ORD-10046 | B46: 45486 | C46: Anjali Iyer | D46: Hyderabad | E46: Telangana | F46: Website | G46: Bronze | H46: Sneakers | I46: Footwear | J46: 1 | K46: 2800 | L46: =J46*K46 -> 2800 | M46: Delivered | N46: No | O46: 5
A47: ORD-10047 | B47: 45602 | C47: Suresh Gupta | D47: Ahmedabad | E47: Gujarat | F47: Website | G47: Bronze | H47: Coffee Maker | I47: Appliances | J47: 5 | K47: 4900 | L47: =J47*K47 -> 24500 | M47: Returned | N47: Yes
A48: ORD-10048 | B48: 45378 | C48: Amit Reddy | D48: Pune | E48: Maharashtra | F48: App | G48: Silver | H48: Protein Powder | I48: Health | J48: 3 | K48: 1500 | L48: =J48*K48 -> 4500 | M48: Returned | N48: Yes
A49: ORD-10049 | B49: 45393 | C49: Vikram Sharma | D49: Mumbai | E49: Maharashtra | F49: App | G49: Bronze | H49: Sunglasses | I49: Accessories | J49: 1 | K49: 2300 | L49: =J49*K49 -> 2300 | M49: Shipped | N49: No
A50: ORD-10050 | B50: 45586 | C50: Kiran Joshi | D50: Ahmedabad | E50: Gujarat | F50: Website | G50: Silver | H50: Yoga Mat | I50: Sports | J50: 1 | K50: 500 | L50: =J50*K50 -> 500 | M50: Returned | N50: Yes
A51: ORD-10051 | B51: 45509 | C51: Neha Kumar | D51: Ahmedabad | E51: Gujarat | F51: App | G51: Bronze | H51: Coffee Maker | I51: Appliances | J51: 1 | K51: 4800 | L51: =J51*K51 -> 4800 | M51: Delivered | N51: No | O51: 5
A52: ORD-10052 | B52: 45563 | C52: Kavya Iyer | D52: Pune | E52: Maharashtra | F52: Website | G52: Bronze | H52: Sneakers | I52: Footwear | J52: 5 | K52: 3200 | L52: =J52*K52 -> 16000 | M52: Returned | N52: Yes
A53: ORD-10053 | B53: 45572 | C53: Arun Kumar | D53: Ahmedabad | E53: Gujarat | F53: Website | G53: Silver | H53: Air Purifier | I53: Appliances | J53: 2 | K53: 7900 | L53: =J53*K53 -> 15800 | M53: Delivered | N53: No | O53: 5
A54: ORD-10054 | B54: 45540 | C54: Neha Reddy | D54: Ahmedabad | E54: Gujarat | F54: App | G54: Bronze | H54: Backpack | I54: Accessories | J54: 2 | K54: 1500 | L54: =J54*K54 -> 3000 | M54: Delivered | N54: No | O54: 5
A55: ORD-10055 | B55: 45333 | C55: Vikram Kumar | D55: Chennai | E55: Tamil Nadu | F55: Website | G55: Bronze | H55: Yoga Mat | I55: Sports | J55: 2 | K55: 500 | L55: =J55*K55 -> 1000 | M55: Shipped | N55: No
A56: ORD-10056 | B56: 45569 | C56: Arun Joshi | D56: Mumbai | E56: Maharashtra | F56: App | G56: Bronze | H56: Water Bottle | I56: Sports | J56: 5 | K56: 700 | L56: =J56*K56 -> 3500 | M56: Delivered | N56: No | O56: 5
A57: ORD-10057 | B57: 45486 | C57: Shruti Sharma | D57: Pune | E57: Maharashtra | F57: Website | G57: Bronze | H57: Sneakers | I57: Footwear | J57: 4 | K57: 3600 | L57: =J57*K57 -> 14400 | M57: Cancelled | N57: No
A58: ORD-10058 | B58: 45600 | C58: Neha Gupta | D58: Chennai | E58: Tamil Nadu | F58: Website | G58: Bronze | H58: Bluetooth Speaker | I58: Electronics | J58: 1 | K58: 2600 | L58: =J58*K58 -> 2600 | M58: Delivered | N58: No | O58: 4
A59: ORD-10059 | B59: 45376 | C59: Arun Kumar | D59: Mumbai | E59: Maharashtra | F59: Website | G59: Bronze | H59: Sunglasses | I59: Accessories | J59: 1 | K59: 1100 | L59: =J59*K59 -> 1100 | M59: Cancelled | N59: No
A60: ORD-10060 | B60: 45528 | C60: Anjali Sharma | D60: Hyderabad | E60: Telangana | F60: Website | G60: Silver | H60: Coffee Maker | I60: Appliances | J60: 4 | K60: 3900 | L60: =J60*K60 -> 15600 | M60: Delivered | N60: No | O60: 4
A61: ORD-10061 | B61: 45434 | C61: Pooja Reddy | D61: Delhi | E61: Delhi | F61: Website | G61: Gold | H61: Notebook Set | I61: Stationery | J61: 5 | K61: 100 | L61: =J61*K61 -> 500 | M61: Delivered | N61: No | O61: 3
A62: ORD-10062 | B62: 45625 | C62: Priya Sharma | D62: Chennai | E62: Tamil Nadu | F62: App | G62: Gold | H62: Sunglasses | I62: Accessories | J62: 2 | K62: 1600 | L62: =J62*K62 -> 3200 | M62: Delivered | N62: No | O62: 3
A63: ORD-10063 | B63: 45580 | C63: Kiran Gupta | D63: Hyderabad | E63: Telangana | F63: Website | G63: Silver | H63: Sunglasses | I63: Accessories | J63: 5 | K63: 3900 | L63: =J63*K63 -> 19500 | M63: Cancelled | N63: No
A64: ORD-10064 | B64: 45375 | C64: Divya Patel | D64: Mumbai | E64: Maharashtra | F64: Website | G64: Bronze | H64: Protein Powder | I64: Health | J64: 4 | K64: 2000 | L64: =J64*K64 -> 8000 | M64: Cancelled | N64: No
A65: ORD-10065 | B65: 45595 | C65: Neha Patel | D65: Hyderabad | E65: Telangana | F65: WhatsApp | G65: Gold | H65: Air Purifier | I65: Appliances | J65: 5 | K65: 8900 | L65: =J65*K65 -> 44500 | M65: Delivered | N65: No | O65: 4
A66: ORD-10066 | B66: 45630 | C66: Meera Patel | D66: Pune | E66: Maharashtra | F66: App | G66: Bronze | H66: Sneakers | I66: Footwear | J66: 4 | K66: 2200 | L66: =J66*K66 -> 8800 | M66: Shipped | N66: No
A67: ORD-10067 | B67: 45617 | C67: Arun Kumar | D67: Kolkata | E67: West Bengal | F67: App | G67: Bronze | H67: Desk Lamp | I67: Home Decor | J67: 3 | K67: 1400 | L67: =J67*K67 -> 4200 | M67: Returned | N67: Yes
A68: ORD-10068 | B68: 45567 | C68: Shruti Gupta | D68: Kolkata | E68: West Bengal | F68: WhatsApp | G68: Silver | H68: Smartwatch | I68: Electronics | J68: 2 | K68: 6000 | L68: =J68*K68 -> 12000 | M68: Delivered | N68: No | O68: 3
A69: ORD-10069 | B69: 45529 | C69: Sanjay Iyer | D69: Kolkata | E69: West Bengal | F69: Website | G69: Gold | H69: Bluetooth Speaker | I69: Electronics | J69: 3 | K69: 1900 | L69: =J69*K69 -> 5700 | M69: Shipped | N69: No
A70: ORD-10070 | B70: 45424 | C70: Suresh Reddy | D70: Hyderabad | E70: Telangana | F70: WhatsApp | G70: Gold | H70: Desk Lamp | I70: Home Decor | J70: 2 | K70: 600 | L70: =J70*K70 -> 1200 | M70: Delivered | N70: No | O70: 4
A71: ORD-10071 | B71: 45576 | C71: Neha Gupta | D71: Ahmedabad | E71: Gujarat | F71: Website | G71: Gold | H71: Running Shoes | I71: Footwear | J71: 3 | K71: 2100 | L71: =J71*K71 -> 6300 | M71: Shipped | N71: No
A72: ORD-10072 | B72: 45448 | C72: Sanjay Nair | D72: Ahmedabad | E72: Gujarat | F72: WhatsApp | G72: Bronze | H72: Smartwatch | I72: Electronics | J72: 4 | K72: 11900 | L72: =J72*K72 -> 47600 | M72: Delivered | N72: No | O72: 4
A73: ORD-10073 | B73: 45430 | C73: Divya Reddy | D73: Chennai | E73: Tamil Nadu | F73: App | G73: Bronze | H73: Coffee Maker | I73: Appliances | J73: 3 | K73: 2600 | L73: =J73*K73 -> 7800 | M73: Cancelled | N73: No
A74: ORD-10074 | B74: 45645 | C74: Anjali Singh | D74: Chennai | E74: Tamil Nadu | F74: Website | G74: Silver | H74: Notebook Set | I74: Stationery | J74: 5 | K74: 500 | L74: =J74*K74 -> 2500 | M74: Processing | N74: No
A75: ORD-10075 | B75: 45343 | C75: Kiran Reddy | D75: Chennai | E75: Tamil Nadu | F75: Website | G75: Silver | H75: Backpack | I75: Accessories | J75: 1 | K75: 2400 | L75: =J75*K75 -> 2400 | M75: Delivered | N75: No | O75: 3
A76: ORD-10076 | B76: 45575 | C76: Divya Kumar | D76: Ahmedabad | E76: Gujarat | F76: App | G76: Gold | H76: Sunglasses | I76: Accessories | J76: 3 | K76: 2400 | L76: =J76*K76 -> 7200 | M76: Shipped | N76: No
A77: ORD-10077 | B77: 45386 | C77: Priya Reddy | D77: Ahmedabad | E77: Gujarat | F77: App | G77: Gold | H77: Water Bottle | I77: Sports | J77: 4 | K77: 200 | L77: =J77*K77 -> 800 | M77: Processing | N77: No
A78: ORD-10078 | B78: 45319 | C78: Vikram Kumar | D78: Hyderabad | E78: Telangana | F78: App | G78: Silver | H78: Running Shoes | I78: Footwear | J78: 5 | K78: 2700 | L78: =J78*K78 -> 13500 | M78: Processing | N78: No
A79: ORD-10079 | B79: 45608 | C79: Neha Mehta | D79: Kolkata | E79: West Bengal | F79: Website | G79: Bronze | H79: Backpack | I79: Accessories | J79: 5 | K79: 2000 | L79: =J79*K79 -> 10000 | M79: Delivered | N79: No | O79: 3
A80: ORD-10080 | B80: 45604 | C80: Sneha Singh | D80: Chennai | E80: Tamil Nadu | F80: Website | G80: Bronze | H80: Running Shoes | I80: Footwear | J80: 2 | K80: 2100 | L80: =J80*K80 -> 4200 | M80: Delivered | N80: No | O80: 3
A81: ORD-10081 | B81: 45293 | C81: Pooja Gupta | D81: Ahmedabad | E81: Gujarat | F81: Website | G81: Gold | H81: Coffee Maker | I81: Appliances | J81: 3 | K81: 3700 | L81: =J81*K81 -> 11100 | M81: Cancelled | N81: No
A82: ORD-10082 | B82: 45328 | C82: Neha Reddy | D82: Chennai | E82: Tamil Nadu | F82: Website | G82: Gold | H82: Desk Lamp | I82: Home Decor | J82: 2 | K82: 1500 | L82: =J82*K82 -> 3000 | M82: Delivered | N82: No | O82: 3
A83: ORD-10083 | B83: 45328 | C83: Priya Kumar | D83: Hyderabad | E83: Telangana | F83: WhatsApp | G83: Bronze | H83: Sneakers | I83: Footwear | J83: 5 | K83: 4800 | L83: =J83*K83 -> 24000 | M83: Delivered | N83: No | O83: 4
A84: ORD-10084 | B84: 45644 | C84: Divya Joshi | D84: Hyderabad | E84: Telangana | F84: WhatsApp | G84: Bronze | H84: Bluetooth Speaker | I84: Electronics | J84: 4 | K84: 1600 | L84: =J84*K84 -> 6400 | M84: Processing | N84: Yes
A85: ORD-10085 | B85: 45513 | C85: Suresh Iyer | D85: Hyderabad | E85: Telangana | F85: App | G85: Gold | H85: Coffee Maker | I85: Appliances | J85: 5 | K85: 5600 | L85: =J85*K85 -> 28000 | M85: Delivered | N85: No | O85: 5
A86: ORD-10086 | B86: 45429 | C86: Sanjay Sharma | D86: Bangalore | E86: Karnataka | F86: Website | G86: Bronze | H86: Protein Powder | I86: Health | J86: 4 | K86: 1600 | L86: =J86*K86 -> 6400 | M86: Delivered | N86: No | O86: 4
A87: ORD-10087 | B87: 45617 | C87: Shruti Patel | D87: Ahmedabad | E87: Gujarat | F87: Website | G87: Bronze | H87: Smartwatch | I87: Electronics | J87: 3 | K87: 6200 | L87: =J87*K87 -> 18600 | M87: Returned | N87: Yes
A88: ORD-10088 | B88: 45374 | C88: Suresh Joshi | D88: Ahmedabad | E88: Gujarat | F88: Website | G88: Bronze | H88: Water Bottle | I88: Sports | J88: 5 | K88: 200 | L88: =J88*K88 -> 1000 | M88: Shipped | N88: No
A89: ORD-10089 | B89: 45421 | C89: Suresh Patel | D89: Kolkata | E89: West Bengal | F89: WhatsApp | G89: Gold | H89: Protein Powder | I89: Health | J89: 5 | K89: 2200 | L89: =J89*K89 -> 11000 | M89: Shipped | N89: No
A90: ORD-10090 | B90: 45557 | C90: Meera Iyer | D90: Ahmedabad | E90: Gujarat | F90: Website | G90: Gold | H90: Coffee Maker | I90: Appliances | J90: 3 | K90: 5400 | L90: =J90*K90 -> 16200 | M90: Delivered | N90: No | O90: 4
A91: ORD-10091 | B91: 45649 | C91: Shruti Patel | D91: Mumbai | E91: Maharashtra | F91: WhatsApp | G91: Silver | H91: Notebook Set | I91: Stationery | J91: 2 | K91: 300 | L91: =J91*K91 -> 600 | M91: Processing | N91: Yes
A92: ORD-10092 | B92: 45500 | C92: Amit Singh | D92: Delhi | E92: Delhi | F92: Website | G92: Gold | H92: Protein Powder | I92: Health | J92: 2 | K92: 2300 | L92: =J92*K92 -> 4600 | M92: Cancelled | N92: No
A93: ORD-10093 | B93: 45653 | C93: Arjun Joshi | D93: Ahmedabad | E93: Gujarat | F93: Website | G93: Silver | H93: Bluetooth Speaker | I93: Electronics | J93: 5 | K93: 1800 | L93: =J93*K93 -> 9000 | M93: Shipped | N93: No
A94: ORD-10094 | B94: 45598 | C94: Nikhil Kumar | D94: Delhi | E94: Delhi | F94: Website | G94: Bronze | H94: Smartwatch | I94: Electronics | J94: 5 | K94: 8300 | L94: =J94*K94 -> 41500 | M94: Returned | N94: Yes
A95: ORD-10095 | B95: 45293 | C95: Divya Reddy | D95: Ahmedabad | E95: Gujarat | F95: App | G95: Bronze | H95: Desk Lamp | I95: Home Decor | J95: 4 | K95: 1000 | L95: =J95*K95 -> 4000 | M95: Delivered | N95: No | O95: 5
A96: ORD-10096 | B96: 45485 | C96: Arun Nair | D96: Chennai | E96: Tamil Nadu | F96: App | G96: Bronze | H96: Water Bottle | I96: Sports | J96: 2 | K96: 800 | L96: =J96*K96 -> 1600 | M96: Returned | N96: Yes
A97: ORD-10097 | B97: 45502 | C97: Priya Nair | D97: Ahmedabad | E97: Gujarat | F97: Website | G97: Bronze | H97: Protein Powder | I97: Health | J97: 2 | K97: 2300 | L97: =J97*K97 -> 4600 | M97: Delivered | N97: No | O97: 5
A98: ORD-10098 | B98: 45461 | C98: Sneha Gupta | D98: Delhi | E98: Delhi | F98: WhatsApp | G98: Bronze | H98: Wireless Headphones | I98: Electronics | J98: 2 | K98: 4200 | L98: =J98*K98 -> 8400 | M98: Returned | N98: Yes
A99: ORD-10099 | B99: 45627 | C99: Vikram Patel | D99: Ahmedabad | E99: Gujarat | F99: Website | G99: Silver | H99: Sunglasses | I99: Accessories | J99: 4 | K99: 2900 | L99: =J99*K99 -> 11600 | M99: Delivered | N99: No | O99: 5
A100: ORD-10100 | B100: 45565 | C100: Ravi Nair | D100: Ahmedabad | E100: Gujarat | F100: WhatsApp | G100: Gold | H100: Sunglasses | I100: Accessories | J100: 1 | K100: 1600 | L100: =J100*K100 -> 1600 | M100: Cancelled | N100: No
...

Sheet Summary
A1: Sheet UI Builder — Test Dataset
A3: About this file
A5: Total Orders | B5: =COUNTA(Orders!A2:A1000) -> 200
A6: Total Revenue (₹) | B6: =SUM(Orders!L2:L1000) -> 1611500
A7: Avg Order Value (₹) | B7: =AVERAGE(Orders!L2:L1000) -> 8057.5
A8: Unique Customers | B8: =SUMPRODUCT(1/COUNTIF(Orders!C2:C201,Orders!C2:C201)) -> 131
A9: Delivered Orders | B9: =COUNTIF(Orders!M2:M1000,"Delivered") -> 97
A10: Return Rate | B10: =COUNTIF(Orders!N2:N1000,"Yes")/COUNTA(Orders!A2:A1000) -> 0.145
